0.16808460652828217,0.16808460652828217,0.16808460652828217
0.1437104344367981,0.1437104344367981,0.1437104344367981
0.012869928032159805,0.012869928032159805,0.012869928032159805
-0.0268184132874012,-0.0268184132874012,-0.0268184132874012
0.34831199049949646,0.34831199049949646,0.34831199049949646
0.22330184280872345,0.22330184280872345,0.22330184280872345
0.20774328708648682,0.20774328708648682,0.20774328708648682
0.2832132875919342,0.2832132875919342,0.2832132875919342
0.05485064536333084,0.05485064536333084,0.05485064536333084
0.10624842345714569,0.10624842345714569,0.10624842345714569
-0.17670883238315582,-0.17670883238315582,-0.17670883238315582
0.32850736379623413,0.32850736379623413,0.32850736379623413
0.1649707853794098,0.1649707853794098,0.1649707853794098
0.22680237889289856,0.22680237889289856,0.22680237889289856
0.09337249398231506,0.09337249398231506,0.09337249398231506
0.05780978873372078,0.05780978873372078,0.05780978873372078
-0.043531451374292374,-0.043531451374292374,-0.043531451374292374
0.10509782284498215,0.10509782284498215,0.10509782284498215
0.19242770969867706,0.19242770969867706,0.19242770969867706
0.19650214910507202,0.19650214910507202,0.19650214910507202
0.04081987217068672,0.04081987217068672,0.04081987217068672
-0.11764107644557953,-0.11764107644557953,-0.11764107644557953
0.2618890106678009,0.2618890106678009,0.2618890106678009
0.1824321746826172,0.1824321746826172,0.1824321746826172
-0.10593870282173157,-0.10593870282173157,-0.10593870282173157
0.029992632567882538,0.029992632567882538,0.029992632567882538
0.31066492199897766,0.31066492199897766,0.31066492199897766
-0.0329916849732399,-0.0329916849732399,-0.0329916849732399
0.5783277750015259,0.5783277750015259,0.5783277750015259
-0.09576693177223206,-0.09576693177223206,-0.09576693177223206
-0.10144753754138947,-0.10144753754138947,-0.10144753754138947
-0.1316520720720291,-0.1316520720720291,-0.1316520720720291
0.014716612175107002,0.014716612175107002,0.014716612175107002
0.152267187833786,0.152267187833786,0.152267187833786
0.183273047208786,0.183273047208786,0.183273047208786
0.28199416399002075,0.28199416399002075,0.28199416399002075
-0.09722937643527985,-0.09722937643527985,-0.09722937643527985
0.14667345583438873,0.14667345583438873,0.14667345583438873
0.0938524380326271,0.0938524380326271,0.0938524380326271
0.16874149441719055,0.16874149441719055,0.16874149441719055
-0.009848627261817455,-0.009848627261817455,-0.009848627261817455
-0.13204443454742432,-0.13204443454742432,-0.13204443454742432
0.0891585648059845,0.0891585648059845,0.0891585648059845
0.2855646312236786,0.2855646312236786,0.2855646312236786
0.1774328052997589,0.1774328052997589,0.1774328052997589
0.0461183600127697,0.0461183600127697,0.0461183600127697
0.27510786056518555,0.27510786056518555,0.27510786056518555
-0.008052092976868153,-0.008052092976868153,-0.008052092976868153
-0.06560477614402771,-0.06560477614402771,-0.06560477614402771
-0.05719846487045288,-0.05719846487045288,-0.05719846487045288
-0.0548764243721962,-0.0548764243721962,-0.0548764243721962
-0.11950435489416122,-0.11950435489416122,-0.11950435489416122
0.43868544697761536,0.43868544697761536,0.43868544697761536
0.08856560289859772,0.08856560289859772,0.08856560289859772
0.12118399888277054,0.12118399888277054,0.12118399888277054
0.05062612146139145,0.05062612146139145,0.05062612146139145
0.11369802057743073,0.11369802057743073,0.11369802057743073
0.18883535265922546,0.18883535265922546,0.18883535265922546
0.12576839327812195,0.12576839327812195,0.12576839327812195
-0.028186915442347527,-0.028186915442347527,-0.028186915442347527
-0.29760006070137024,-0.29760006070137024,-0.29760006070137024
0.38458314538002014,0.38458314538002014,0.38458314538002014
0.14385275542736053,0.14385275542736053,0.14385275542736053
0.0936705619096756,0.0936705619096756,0.0936705619096756
0.22595691680908203,0.22595691680908203,0.22595691680908203
0.012384330853819847,0.012384330853819847,0.012384330853819847
0.10219977796077728,0.10219977796077728,0.10219977796077728
0.42507314682006836,0.42507314682006836,0.42507314682006836
0.14679071307182312,0.14679071307182312,0.14679071307182312
0.24980805814266205,0.24980805814266205,0.24980805814266205
0.18269845843315125,0.18269845843315125,0.18269845843315125
0.06268271803855896,0.06268271803855896,0.06268271803855896
0.27727875113487244,0.27727875113487244,0.27727875113487244
0.47316569089889526,0.47316569089889526,0.47316569089889526
0.18825510144233704,0.18825510144233704,0.18825510144233704
0.14372244477272034,0.14372244477272034,0.14372244477272034
0.19792185723781586,0.19792185723781586,0.19792185723781586
0.18190208077430725,0.18190208077430725,0.18190208077430725
0.006938572973012924,0.006938572973012924,0.006938572973012924
0.03866346552968025,0.03866346552968025,0.03866346552968025
0.13156767189502716,0.13156767189502716,0.13156767189502716
0.07692750543355942,0.07692750543355942,0.07692750543355942
-0.1047527864575386,-0.1047527864575386,-0.1047527864575386
0.008278469555079937,0.008278469555079937,0.008278469555079937
0.0028662625700235367,0.0028662625700235367,0.0028662625700235367
0.15937493741512299,0.15937493741512299,0.15937493741512299
-0.056513331830501556,-0.056513331830501556,-0.056513331830501556
-0.11372486501932144,-0.11372486501932144,-0.11372486501932144
-0.22313019633293152,-0.22313019633293152,-0.22313019633293152
0.02368374727666378,0.02368374727666378,0.02368374727666378
0.12738552689552307,0.12738552689552307,0.12738552689552307
0.2537606358528137,0.2537606358528137,0.2537606358528137
0.0926460400223732,0.0926460400223732,0.0926460400223732
0.38807380199432373,0.38807380199432373,0.38807380199432373
0.21948450803756714,0.21948450803756714,0.21948450803756714
0.3055726885795593,0.3055726885795593,0.3055726885795593
-0.06074526906013489,-0.06074526906013489,-0.06074526906013489
-0.14096283912658691,-0.14096283912658691,-0.14096283912658691
0.1899011880159378,0.1899011880159378,0.1899011880159378
0.06310544908046722,0.06310544908046722,0.06310544908046722
0.43437156081199646,0.43437156081199646,0.43437156081199646
0.23012033104896545,0.23012033104896545,0.23012033104896545
0.25611624121665955,0.25611624121665955,0.25611624121665955
0.05078998953104019,0.05078998953104019,0.05078998953104019
-0.04744872450828552,-0.04744872450828552,-0.04744872450828552
0.16061417758464813,0.16061417758464813,0.16061417758464813
0.07787751406431198,0.07787751406431198,0.07787751406431198
0.4098931849002838,0.4098931849002838,0.4098931849002838
0.13363824784755707,0.13363824784755707,0.13363824784755707
0.09924274682998657,0.09924274682998657,0.09924274682998657
0.3738187551498413,0.3738187551498413,0.3738187551498413
0.15052327513694763,0.15052327513694763,0.15052327513694763
0.1541604995727539,0.1541604995727539,0.1541604995727539
0.32152748107910156,0.32152748107910156,0.32152748107910156
0.15951161086559296,0.15951161086559296,0.15951161086559296
-0.07274677604436874,-0.07274677604436874,-0.07274677604436874
0.059738051146268845,0.059738051146268845,0.059738051146268845
-0.2431255280971527,-0.2431255280971527,-0.2431255280971527
0.14225293695926666,0.14225293695926666,0.14225293695926666
0.12654322385787964,0.12654322385787964,0.12654322385787964
0.3753931522369385,0.3753931522369385,0.3753931522369385
0.32043975591659546,0.32043975591659546,0.32043975591659546
0.46718454360961914,0.46718454360961914,0.46718454360961914
0.301643043756485,0.301643043756485,0.301643043756485
-0.1752559244632721,-0.1752559244632721,-0.1752559244632721
-0.05382506176829338,-0.05382506176829338,-0.05382506176829338
0.21708936989307404,0.21708936989307404,0.21708936989307404
0.13907483220100403,0.13907483220100403,0.13907483220100403
0.1152731254696846,0.1152731254696846,0.1152731254696846
-0.09171298146247864,-0.09171298146247864,-0.09171298146247864
-0.10134653747081757,-0.10134653747081757,-0.10134653747081757
0.463823139667511,0.463823139667511,0.463823139667511
0.011677300557494164,0.011677300557494164,0.011677300557494164
0.2324865162372589,0.2324865162372589,0.2324865162372589
0.07942153513431549,0.07942153513431549,0.07942153513431549
0.19244925677776337,0.19244925677776337,0.19244925677776337
-0.13438589870929718,-0.13438589870929718,-0.13438589870929718
0.2906763255596161,0.2906763255596161,0.2906763255596161
-0.15852734446525574,-0.15852734446525574,-0.15852734446525574
-0.07063981145620346,-0.07063981145620346,-0.07063981145620346
0.1907452493906021,0.1907452493906021,0.1907452493906021
-0.07379283756017685,-0.07379283756017685,-0.07379283756017685
0.0673617571592331,0.0673617571592331,0.0673617571592331
0.3236457407474518,0.3236457407474518,0.3236457407474518
0.23335741460323334,0.23335741460323334,0.23335741460323334
-0.040315911173820496,-0.040315911173820496,-0.040315911173820496
0.08237043768167496,0.08237043768167496,0.08237043768167496
0.09724491089582443,0.09724491089582443,0.09724491089582443
0.3892116844654083,0.3892116844654083,0.3892116844654083
-0.13217580318450928,-0.13217580318450928,-0.13217580318450928
0.4097438156604767,0.4097438156604767,0.4097438156604767
0.16562272608280182,0.16562272608280182,0.16562272608280182
0.20819392800331116,0.20819392800331116,0.20819392800331116
0.17950940132141113,0.17950940132141113,0.17950940132141113
0.24541154503822327,0.24541154503822327,0.24541154503822327
0.21044956147670746,0.21044956147670746,0.21044956147670746
0.14263787865638733,0.14263787865638733,0.14263787865638733
0.0836644247174263,0.0836644247174263,0.0836644247174263
0.14923247694969177,0.14923247694969177,0.14923247694969177
0.30226072669029236,0.30226072669029236,0.30226072669029236
0.23181304335594177,0.23181304335594177,0.23181304335594177
0.03750862553715706,0.03750862553715706,0.03750862553715706
0.03286030888557434,0.03286030888557434,0.03286030888557434
-0.1867923140525818,-0.1867923140525818,-0.1867923140525818
-0.2786017060279846,-0.2786017060279846,-0.2786017060279846
-0.02561589702963829,-0.02561589702963829,-0.02561589702963829
-0.18727190792560577,-0.18727190792560577,-0.18727190792560577
-0.20281526446342468,-0.20281526446342468,-0.20281526446342468
0.22542963922023773,0.22542963922023773,0.22542963922023773
0.0003810617490671575,0.0003810617490671575,0.0003810617490671575
0.315427303314209,0.315427303314209,0.315427303314209
0.2362724244594574,0.2362724244594574,0.2362724244594574
0.12888221442699432,0.12888221442699432,0.12888221442699432
0.08233194053173065,0.08233194053173065,0.08233194053173065
0.09627548605203629,0.09627548605203629,0.09627548605203629
0.09567087143659592,0.09567087143659592,0.09567087143659592
0.2846492528915405,0.2846492528915405,0.2846492528915405
0.052523307502269745,0.052523307502269745,0.052523307502269745
0.09047374129295349,0.09047374129295349,0.09047374129295349
-0.23181551694869995,-0.23181551694869995,-0.23181551694869995
-0.03137102350592613,-0.03137102350592613,-0.03137102350592613
0.00886825006455183,0.00886825006455183,0.00886825006455183
0.2729105055332184,0.2729105055332184,0.2729105055332184
-0.22997978329658508,-0.22997978329658508,-0.22997978329658508
0.10568442195653915,0.10568442195653915,0.10568442195653915
0.10590550303459167,0.10590550303459167,0.10590550303459167
-0.12014322727918625,-0.12014322727918625,-0.12014322727918625
0.2152225524187088,0.2152225524187088,0.2152225524187088
0.10111768543720245,0.10111768543720245,0.10111768543720245
0.1775793731212616,0.1775793731212616,0.1775793731212616
-0.015057059936225414,-0.015057059936225414,-0.015057059936225414
0.24178774654865265,0.24178774654865265,0.24178774654865265
0.2919275760650635,0.2919275760650635,0.2919275760650635
0.23867426812648773,0.23867426812648773,0.23867426812648773
0.2052072286605835,0.2052072286605835,0.2052072286605835
0.18927115201950073,0.18927115201950073,0.18927115201950073
0.3217662274837494,0.3217662274837494,0.3217662274837494
0.09708069264888763,0.09708069264888763,0.09708069264888763
0.2633143961429596,0.2633143961429596,0.2633143961429596
0.06866209954023361,0.06866209954023361,0.06866209954023361
-0.07803820073604584,-0.07803820073604584,-0.07803820073604584
0.07151247560977936,0.07151247560977936,0.07151247560977936
-0.12677279114723206,-0.12677279114723206,-0.12677279114723206
0.06060894951224327,0.06060894951224327,0.06060894951224327
0.2310650497674942,0.2310650497674942,0.2310650497674942
0.04119245707988739,0.04119245707988739,0.04119245707988739
-0.04641854763031006,-0.04641854763031006,-0.04641854763031006
0.002390906447544694,0.002390906447544694,0.002390906447544694
0.07405418157577515,0.07405418157577515,0.07405418157577515
0.29722851514816284,0.29722851514816284,0.29722851514816284
0.10934318602085114,0.10934318602085114,0.10934318602085114
0.23716485500335693,0.23716485500335693,0.23716485500335693
-0.05515259876847267,-0.05515259876847267,-0.05515259876847267
0.3691256046295166,0.3691256046295166,0.3691256046295166
0.03283911943435669,0.03283911943435669,0.03283911943435669
0.25577226281166077,0.25577226281166077,0.25577226281166077
0.1251644790172577,0.1251644790172577,0.1251644790172577
0.23976236581802368,0.23976236581802368,0.23976236581802368
0.08333350718021393,0.08333350718021393,0.08333350718021393
0.1680658906698227,0.1680658906698227,0.1680658906698227
0.05327624827623367,0.05327624827623367,0.05327624827623367
0.0476408414542675,0.0476408414542675,0.0476408414542675
0.44299331307411194,0.44299331307411194,0.44299331307411194
0.11597944796085358,0.11597944796085358,0.11597944796085358
-0.23799654841423035,-0.23799654841423035,-0.23799654841423035
0.22737662494182587,0.22737662494182587,0.22737662494182587
0.13548459112644196,0.13548459112644196,0.13548459112644196
0.14922752976417542,0.14922752976417542,0.14922752976417542
0.10127414017915726,0.10127414017915726,0.10127414017915726
0.023017683997750282,0.023017683997750282,0.023017683997750282
-0.45051705837249756,-0.45051705837249756,-0.45051705837249756
0.2775231599807739,0.2775231599807739,0.2775231599807739
0.3620651662349701,0.3620651662349701,0.3620651662349701
0.03832584246993065,0.03832584246993065,0.03832584246993065
0.10274717956781387,0.10274717956781387,0.10274717956781387
0.13929449021816254,0.13929449021816254,0.13929449021816254
0.19132231175899506,0.19132231175899506,0.19132231175899506
0.11187923699617386,0.11187923699617386,0.11187923699617386
0.036833733320236206,0.036833733320236206,0.036833733320236206
0.13121627271175385,0.13121627271175385,0.13121627271175385
-0.11327210813760757,-0.11327210813760757,-0.11327210813760757
0.19519756734371185,0.19519756734371185,0.19519756734371185
-0.03252338990569115,-0.03252338990569115,-0.03252338990569115
0.20766842365264893,0.20766842365264893,0.20766842365264893
0.32879698276519775,0.32879698276519775,0.32879698276519775
0.047187384217977524,0.047187384217977524,0.047187384217977524
0.03844980150461197,0.03844980150461197,0.03844980150461197
0.3551827669143677,0.3551827669143677,0.3551827669143677
-0.10675168037414551,-0.10675168037414551,-0.10675168037414551
0.1466282606124878,0.1466282606124878,0.1466282606124878
0.17057828605175018,0.17057828605175018,0.17057828605175018
0.2132399082183838,0.2132399082183838,0.2132399082183838
0.21298667788505554,0.21298667788505554,0.21298667788505554
0.09611726552248001,0.09611726552248001,0.09611726552248001
0.012895002961158752,0.012895002961158752,0.012895002961158752
0.2994251847267151,0.2994251847267151,0.2994251847267151
0.24266818165779114,0.24266818165779114,0.24266818165779114
0.22033032774925232,0.22033032774925232,0.22033032774925232
0.09671729058027267,0.09671729058027267,0.09671729058027267
0.13955265283584595,0.13955265283584595,0.13955265283584595
0.04238402843475342,0.04238402843475342,0.04238402843475342
0.1308535784482956,0.1308535784482956,0.1308535784482956
0.0691925510764122,0.0691925510764122,0.0691925510764122
0.19174081087112427,0.19174081087112427,0.19174081087112427
0.5643001794815063,0.5643001794815063,0.5643001794815063
0.19058315455913544,0.19058315455913544,0.19058315455913544
0.13867858052253723,0.13867858052253723,0.13867858052253723
0.3812503516674042,0.3812503516674042,0.3812503516674042
0.16313433647155762,0.16313433647155762,0.16313433647155762
0.0835249200463295,0.0835249200463295,0.0835249200463295
0.06084239110350609,0.06084239110350609,0.06084239110350609
0.2729521691799164,0.2729521691799164,0.2729521691799164
0.07147892564535141,0.07147892564535141,0.07147892564535141
0.25412827730178833,0.25412827730178833,0.25412827730178833
0.13041000068187714,0.13041000068187714,0.13041000068187714
0.025531137362122536,0.025531137362122536,0.025531137362122536
0.13139919936656952,0.13139919936656952,0.13139919936656952
0.3092328608036041,0.3092328608036041,0.3092328608036041
0.1515071839094162,0.1515071839094162,0.1515071839094162
-0.24540553987026215,-0.24540553987026215,-0.24540553987026215
0.11891775578260422,0.11891775578260422,0.11891775578260422
-0.10730826109647751,-0.10730826109647751,-0.10730826109647751
0.14765949547290802,0.14765949547290802,0.14765949547290802
0.21941493451595306,0.21941493451595306,0.21941493451595306
0.16528968513011932,0.16528968513011932,0.16528968513011932
0.13682730495929718,0.13682730495929718,0.13682730495929718
0.1141306459903717,0.1141306459903717,0.1141306459903717
0.08534582704305649,0.08534582704305649,0.08534582704305649
-0.13911226391792297,-0.13911226391792297,-0.13911226391792297
0.026672910898923874,0.026672910898923874,0.026672910898923874
0.3634259104728699,0.3634259104728699,0.3634259104728699
0.04626245051622391,0.04626245051622391,0.04626245051622391
-0.18934425711631775,-0.18934425711631775,-0.18934425711631775
0.014047017320990562,0.014047017320990562,0.014047017320990562
0.3285924792289734,0.3285924792289734,0.3285924792289734
0.1521022617816925,0.1521022617816925,0.1521022617816925
-0.10331082344055176,-0.10331082344055176,-0.10331082344055176
0.3264855146408081,0.3264855146408081,0.3264855146408081
0.22044546902179718,0.22044546902179718,0.22044546902179718
0.17848241329193115,0.17848241329193115,0.17848241329193115
0.36225342750549316,0.36225342750549316,0.36225342750549316
-0.018394794315099716,-0.018394794315099716,-0.018394794315099716
0.2982650697231293,0.2982650697231293,0.2982650697231293
-0.06491222977638245,-0.06491222977638245,-0.06491222977638245
0.07444830983877182,0.07444830983877182,0.07444830983877182
0.1958177089691162,0.1958177089691162,0.1958177089691162
0.2905693054199219,0.2905693054199219,0.2905693054199219
0.439261794090271,0.439261794090271,0.439261794090271
0.09536008536815643,0.09536008536815643,0.09536008536815643
0.5211848020553589,0.5211848020553589,0.5211848020553589
0.15032339096069336,0.15032339096069336,0.15032339096069336
0.4295184016227722,0.4295184016227722,0.4295184016227722
0.23164387047290802,0.23164387047290802,0.23164387047290802
-0.009779407642781734,-0.009779407642781734,-0.009779407642781734
-0.019818037748336792,-0.019818037748336792,-0.019818037748336792
0.08255726099014282,0.08255726099014282,0.08255726099014282
0.29796770215034485,0.29796770215034485,0.29796770215034485
0.2817307114601135,0.2817307114601135,0.2817307114601135
0.034161005169153214,0.034161005169153214,0.034161005169153214
0.01315493043512106,0.01315493043512106,0.01315493043512106
0.17865969240665436,0.17865969240665436,0.17865969240665436
0.25956133008003235,0.25956133008003235,0.25956133008003235
0.0642712414264679,0.0642712414264679,0.0642712414264679
0.06590638309717178,0.06590638309717178,0.06590638309717178
0.0905630886554718,0.0905630886554718,0.0905630886554718
0.2831963300704956,0.2831963300704956,0.2831963300704956
0.1296471655368805,0.1296471655368805,0.1296471655368805
-0.1929825246334076,-0.1929825246334076,-0.1929825246334076
0.2345094382762909,0.2345094382762909,0.2345094382762909
-0.08788046985864639,-0.08788046985864639,-0.08788046985864639
0.1222604364156723,0.1222604364156723,0.1222604364156723
0.09495112299919128,0.09495112299919128,0.09495112299919128
0.02959638461470604,0.02959638461470604,0.02959638461470604
0.03831560164690018,0.03831560164690018,0.03831560164690018
0.16072648763656616,0.16072648763656616,0.16072648763656616
0.35648414492607117,0.35648414492607117,0.35648414492607117
-0.023734956979751587,-0.023734956979751587,-0.023734956979751587
-0.2598925828933716,-0.2598925828933716,-0.2598925828933716
-0.16545213758945465,-0.16545213758945465,-0.16545213758945465
0.2179722636938095,0.2179722636938095,0.2179722636938095
-0.13715434074401855,-0.13715434074401855,-0.13715434074401855
0.16279777884483337,0.16279777884483337,0.16279777884483337
0.36469942331314087,0.36469942331314087,0.36469942331314087
0.03846428170800209,0.03846428170800209,0.03846428170800209
0.21087194979190826,0.21087194979190826,0.21087194979190826
0.5000770092010498,0.5000770092010498,0.5000770092010498
0.017933212220668793,0.017933212220668793,0.017933212220668793
0.09402725100517273,0.09402725100517273,0.09402725100517273
0.044859692454338074,0.044859692454338074,0.044859692454338074
0.006286283023655415,0.006286283023655415,0.006286283023655415
0.010177068412303925,0.010177068412303925,0.010177068412303925
-0.15422441065311432,-0.15422441065311432,-0.15422441065311432
0.20894262194633484,0.20894262194633484,0.20894262194633484
-0.18795421719551086,-0.18795421719551086,-0.18795421719551086
0.14542114734649658,0.14542114734649658,0.14542114734649658
0.2624247670173645,0.2624247670173645,0.2624247670173645
-0.17144706845283508,-0.17144706845283508,-0.17144706845283508
0.19134527444839478,0.19134527444839478,0.19134527444839478
-0.10387022793292999,-0.10387022793292999,-0.10387022793292999
0.26716312766075134,0.26716312766075134,0.26716312766075134
0.13288143277168274,0.13288143277168274,0.13288143277168274
0.18859732151031494,0.18859732151031494,0.18859732151031494
0.10599061846733093,0.10599061846733093,0.10599061846733093
-0.3173206150531769,-0.3173206150531769,-0.3173206150531769
0.16985924541950226,0.16985924541950226,0.16985924541950226
0.3542313277721405,0.3542313277721405,0.3542313277721405
0.00945308618247509,0.00945308618247509,0.00945308618247509
-0.12248010188341141,-0.12248010188341141,-0.12248010188341141
0.14920739829540253,0.14920739829540253,0.14920739829540253
-0.08727232366800308,-0.08727232366800308,-0.08727232366800308
0.2510843873023987,0.2510843873023987,0.2510843873023987
0.40610554814338684,0.40610554814338684,0.40610554814338684
-0.00831413920968771,-0.00831413920968771,-0.00831413920968771
0.022069090977311134,0.022069090977311134,0.022069090977311134
0.07621235400438309,0.07621235400438309,0.07621235400438309
-0.02364489994943142,-0.02364489994943142,-0.02364489994943142
0.2698969542980194,0.2698969542980194,0.2698969542980194
0.25400397181510925,0.25400397181510925,0.25400397181510925
0.05569717288017273,0.05569717288017273,0.05569717288017273
0.21711161732673645,0.21711161732673645,0.21711161732673645
0.056499555706977844,0.056499555706977844,0.056499555706977844
0.004815010353922844,0.004815010353922844,0.004815010353922844
-0.007027570158243179,-0.007027570158243179,-0.007027570158243179
0.15618552267551422,0.15618552267551422,0.15618552267551422
-0.01204176340252161,-0.01204176340252161,-0.01204176340252161
-0.03650423511862755,-0.03650423511862755,-0.03650423511862755
0.2650512456893921,0.2650512456893921,0.2650512456893921
0.22769658267498016,0.22769658267498016,0.22769658267498016
-0.1282765418291092,-0.1282765418291092,-0.1282765418291092
0.10808098316192627,0.10808098316192627,0.10808098316192627
0.06712514162063599,0.06712514162063599,0.06712514162063599
0.004407814703881741,0.004407814703881741,0.004407814703881741
-0.09000544250011444,-0.09000544250011444,-0.09000544250011444
0.2537020146846771,0.2537020146846771,0.2537020146846771
0.1468401551246643,0.1468401551246643,0.1468401551246643
0.24312588572502136,0.24312588572502136,0.24312588572502136
0.2821170687675476,0.2821170687675476,0.2821170687675476
0.043000999838113785,0.043000999838113785,0.043000999838113785
0.2163201868534088,0.2163201868534088,0.2163201868534088
0.06695915758609772,0.06695915758609772,0.06695915758609772
0.10755617916584015,0.10755617916584015,0.10755617916584015
0.19182734191417694,0.19182734191417694,0.19182734191417694
0.24191983044147491,0.24191983044147491,0.24191983044147491
0.1747378259897232,0.1747378259897232,0.1747378259897232
0.0022701250854879618,0.0022701250854879618,0.0022701250854879618
0.1363614797592163,0.1363614797592163,0.1363614797592163
-0.009206579066812992,-0.009206579066812992,-0.009206579066812992
-0.06014136224985123,-0.06014136224985123,-0.06014136224985123
0.032512445002794266,0.032512445002794266,0.032512445002794266
-0.05713418871164322,-0.05713418871164322,-0.05713418871164322
0.06700965762138367,0.06700965762138367,0.06700965762138367
0.18140022456645966,0.18140022456645966,0.18140022456645966
0.285752534866333,0.285752534866333,0.285752534866333
0.1390349268913269,0.1390349268913269,0.1390349268913269
0.052714720368385315,0.052714720368385315,0.052714720368385315
0.051605790853500366,0.051605790853500366,0.051605790853500366
0.23589842021465302,0.23589842021465302,0.23589842021465302
-0.08947993814945221,-0.08947993814945221,-0.08947993814945221
0.12273544073104858,0.12273544073104858,0.12273544073104858
0.17938120663166046,0.17938120663166046,0.17938120663166046
0.19214341044425964,0.19214341044425964,0.19214341044425964
0.17908984422683716,0.17908984422683716,0.17908984422683716
0.16698487102985382,0.16698487102985382,0.16698487102985382
0.2477085143327713,0.2477085143327713,0.2477085143327713
0.005145922768861055,0.005145922768861055,0.005145922768861055
0.0817294493317604,0.0817294493317604,0.0817294493317604
0.35745182633399963,0.35745182633399963,0.35745182633399963
0.17722974717617035,0.17722974717617035,0.17722974717617035
0.2092982530593872,0.2092982530593872,0.2092982530593872
-0.03032601810991764,-0.03032601810991764,-0.03032601810991764
0.08279352635145187,0.08279352635145187,0.08279352635145187
-0.34495553374290466,-0.34495553374290466,-0.34495553374290466
-0.009960933588445187,-0.009960933588445187,-0.009960933588445187
0.01689385622739792,0.01689385622739792,0.01689385622739792
0.08945027738809586,0.08945027738809586,0.08945027738809586
-0.02448577806353569,-0.02448577806353569,-0.02448577806353569
0.1392107903957367,0.1392107903957367,0.1392107903957367
0.26608988642692566,0.26608988642692566,0.26608988642692566
0.20981387794017792,0.20981387794017792,0.20981387794017792
0.22176170349121094,0.22176170349121094,0.22176170349121094
0.09764857590198517,0.09764857590198517,0.09764857590198517
0.2999778985977173,0.2999778985977173,0.2999778985977173
0.05667189881205559,0.05667189881205559,0.05667189881205559
0.16832582652568817,0.16832582652568817,0.16832582652568817
-0.007887872867286205,-0.007887872867286205,-0.007887872867286205
0.4571833610534668,0.4571833610534668,0.4571833610534668
0.18636886775493622,0.18636886775493622,0.18636886775493622
0.20348380506038666,0.20348380506038666,0.20348380506038666
0.16539882123470306,0.16539882123470306,0.16539882123470306
0.12242394685745239,0.12242394685745239,0.12242394685745239
0.139421284198761,0.139421284198761,0.139421284198761
0.040768664330244064,0.040768664330244064,0.040768664330244064
0.13523560762405396,0.13523560762405396,0.13523560762405396
0.22440829873085022,0.22440829873085022,0.22440829873085022
0.2781584858894348,0.2781584858894348,0.2781584858894348
0.1641920655965805,0.1641920655965805,0.1641920655965805
-0.015712175518274307,-0.015712175518274307,-0.015712175518274307
0.013877499848604202,0.013877499848604202,0.013877499848604202
0.047674745321273804,0.047674745321273804,0.047674745321273804
0.22691397368907928,0.22691397368907928,0.22691397368907928
0.31123316287994385,0.31123316287994385,0.31123316287994385
0.21845221519470215,0.21845221519470215,0.21845221519470215
0.4297253489494324,0.4297253489494324,0.4297253489494324
0.39400938153266907,0.39400938153266907,0.39400938153266907
-0.44005781412124634,-0.44005781412124634,-0.44005781412124634
0.057951051741838455,0.057951051741838455,0.057951051741838455
0.1702544391155243,0.1702544391155243,0.1702544391155243
0.09231618791818619,0.09231618791818619,0.09231618791818619
0.1089063212275505,0.1089063212275505,0.1089063212275505
0.138166144490242,0.138166144490242,0.138166144490242
-0.09265274554491043,-0.09265274554491043,-0.09265274554491043
-0.08231887221336365,-0.08231887221336365,-0.08231887221336365
0.17894434928894043,0.17894434928894043,0.17894434928894043
0.06978551298379898,0.06978551298379898,0.06978551298379898
0.09917423874139786,0.09917423874139786,0.09917423874139786
0.13192789256572723,0.13192789256572723,0.13192789256572723
0.18806228041648865,0.18806228041648865,0.18806228041648865
0.19090452790260315,0.19090452790260315,0.19090452790260315
0.042225103825330734,0.042225103825330734,0.042225103825330734
0.01586085744202137,0.01586085744202137,0.01586085744202137
0.2000683695077896,0.2000683695077896,0.2000683695077896
0.27043765783309937,0.27043765783309937,0.27043765783309937
0.3100917339324951,0.3100917339324951,0.3100917339324951
0.16053684055805206,0.16053684055805206,0.16053684055805206
0.050882868468761444,0.050882868468761444,0.050882868468761444
0.04674592986702919,0.04674592986702919,0.04674592986702919
0.012750912457704544,0.012750912457704544,0.012750912457704544
-0.33048295974731445,-0.33048295974731445,-0.33048295974731445
0.16983841359615326,0.16983841359615326,0.16983841359615326
0.058613233268260956,0.058613233268260956,0.058613233268260956
-0.1398429572582245,-0.1398429572582245,-0.1398429572582245
0.22022897005081177,0.22022897005081177,0.22022897005081177
0.08461195975542068,0.08461195975542068,0.08461195975542068
0.08573924750089645,0.08573924750089645,0.08573924750089645
0.14922116696834564,0.14922116696834564,0.14922116696834564
0.12723612785339355,0.12723612785339355,0.12723612785339355
-0.03139009326696396,-0.03139009326696396,-0.03139009326696396
0.11956298351287842,0.11956298351287842,0.11956298351287842
0.12837155163288116,0.12837155163288116,0.12837155163288116
0.05816930904984474,0.05816930904984474,0.05816930904984474
0.2613222002983093,0.2613222002983093,0.2613222002983093
0.23909206688404083,0.23909206688404083,0.23909206688404083
0.04404671490192413,0.04404671490192413,0.04404671490192413
0.10023089498281479,0.10023089498281479,0.10023089498281479
0.07973161339759827,0.07973161339759827,0.07973161339759827
0.2296149581670761,0.2296149581670761,0.2296149581670761
0.07067936658859253,0.07067936658859253,0.07067936658859253
0.1747162938117981,0.1747162938117981,0.1747162938117981
0.0980476513504982,0.0980476513504982,0.0980476513504982
-0.20982129871845245,-0.20982129871845245,-0.20982129871845245
0.13347862660884857,0.13347862660884857,0.13347862660884857
0.10321123152971268,0.10321123152971268,0.10321123152971268
0.114109106361866,0.114109106361866,0.114109106361866
0.021448232233524323,0.021448232233524323,0.021448232233524323
0.19983598589897156,0.19983598589897156,0.19983598589897156
-0.06557970494031906,-0.06557970494031906,-0.06557970494031906
0.2526167631149292,0.2526167631149292,0.2526167631149292
-0.07675162702798843,-0.07675162702798843,-0.07675162702798843
-0.07072810083627701,-0.07072810083627701,-0.07072810083627701
0.05587269365787506,0.05587269365787506,0.05587269365787506
0.4652721583843231,0.4652721583843231,0.4652721583843231
0.30486246943473816,0.30486246943473816,0.30486246943473816
0.21072044968605042,0.21072044968605042,0.21072044968605042
0.3920048475265503,0.3920048475265503,0.3920048475265503
0.3318917155265808,0.3318917155265808,0.3318917155265808
0.23993082344532013,0.23993082344532013,0.23993082344532013
0.09013611823320389,0.09013611823320389,0.09013611823320389
0.13364355266094208,0.13364355266094208,0.13364355266094208
0.17863602936267853,0.17863602936267853,0.17863602936267853
0.08675706386566162,0.08675706386566162,0.08675706386566162
-0.25369638204574585,-0.25369638204574585,-0.25369638204574585
-0.05824523791670799,-0.05824523791670799,-0.05824523791670799
0.2467055320739746,0.2467055320739746,0.2467055320739746
0.11337947100400925,0.11337947100400925,0.11337947100400925
0.34004658460617065,0.34004658460617065,0.34004658460617065
0.14174014329910278,0.14174014329910278,0.14174014329910278
0.2082892805337906,0.2082892805337906,0.2082892805337906
0.15509319305419922,0.15509319305419922,0.15509319305419922
-0.12780225276947021,-0.12780225276947021,-0.12780225276947021
0.002287429990246892,0.002287429990246892,0.002287429990246892
-0.022253088653087616,-0.022253088653087616,-0.022253088653087616
0.2526891529560089,0.2526891529560089,0.2526891529560089
0.006428607273846865,0.006428607273846865,0.006428607273846865
0.24466848373413086,0.24466848373413086,0.24466848373413086
0.15612973272800446,0.15612973272800446,0.15612973272800446
-0.021101074293255806,-0.021101074293255806,-0.021101074293255806
0.10727612674236298,0.10727612674236298,0.10727612674236298
0.047698408365249634,0.047698408365249634,0.047698408365249634
-0.06041718274354935,-0.06041718274354935,-0.06041718274354935
0.08887073397636414,0.08887073397636414,0.08887073397636414
0.20319703221321106,0.20319703221321106,0.20319703221321106
0.1529918760061264,0.1529918760061264,0.1529918760061264
0.4522450864315033,0.4522450864315033,0.4522450864315033
0.11594484001398087,0.11594484001398087,0.11594484001398087
0.2561126947402954,0.2561126947402954,0.2561126947402954
0.0413535013794899,0.0413535013794899,0.0413535013794899
0.1638198345899582,0.1638198345899582,0.1638198345899582
-0.05241312086582184,-0.05241312086582184,-0.05241312086582184
0.11737550050020218,0.11737550050020218,0.11737550050020218
-0.15605662763118744,-0.15605662763118744,-0.15605662763118744
-0.12062317878007889,-0.12062317878007889,-0.12062317878007889
0.14286743104457855,0.14286743104457855,0.14286743104457855
0.39053744077682495,0.39053744077682495,0.39053744077682495
0.2030448168516159,0.2030448168516159,0.2030448168516159
0.1513359099626541,0.1513359099626541,0.1513359099626541
0.14538054168224335,0.14538054168224335,0.14538054168224335
0.06285470724105835,0.06285470724105835,0.06285470724105835
0.19746732711791992,0.19746732711791992,0.19746732711791992
-0.21543127298355103,-0.21543127298355103,-0.21543127298355103
0.25523650646209717,0.25523650646209717,0.25523650646209717
-0.16788049042224884,-0.16788049042224884,-0.16788049042224884
0.08609629422426224,0.08609629422426224,0.08609629422426224
0.002453062916174531,0.002453062916174531,0.002453062916174531
-0.038448743522167206,-0.038448743522167206,-0.038448743522167206
0.4482705891132355,0.4482705891132355,0.4482705891132355
-0.05144016072154045,-0.05144016072154045,-0.05144016072154045
-0.009913962334394455,-0.009913962334394455,-0.009913962334394455
0.1497078239917755,0.1497078239917755,0.1497078239917755
-0.06402614712715149,-0.06402614712715149,-0.06402614712715149
0.14759132266044617,0.14759132266044617,0.14759132266044617
0.16778160631656647,0.16778160631656647,0.16778160631656647
0.17703090608119965,0.17703090608119965,0.17703090608119965
0.07239537686109543,0.07239537686109543,0.07239537686109543
0.10950811207294464,0.10950811207294464,0.10950811207294464
-0.2324402630329132,-0.2324402630329132,-0.2324402630329132
0.18995098769664764,0.18995098769664764,0.18995098769664764
0.09301897883415222,0.09301897883415222,0.09301897883415222
0.14856357872486115,0.14856357872486115,0.14856357872486115
0.250759482383728,0.250759482383728,0.250759482383728
0.08706678450107574,0.08706678450107574,0.08706678450107574
0.033951930701732635,0.033951930701732635,0.033951930701732635
0.02796972170472145,0.02796972170472145,0.02796972170472145
-0.07406195253133774,-0.07406195253133774,-0.07406195253133774
0.14960187673568726,0.14960187673568726,0.14960187673568726
0.3686954379081726,0.3686954379081726,0.3686954379081726
-0.020552966743707657,-0.020552966743707657,-0.020552966743707657
0.23552513122558594,0.23552513122558594,0.23552513122558594
0.05553260073065758,0.05553260073065758,0.05553260073065758
0.0738009586930275,0.0738009586930275,0.0738009586930275
0.5163354873657227,0.5163354873657227,0.5163354873657227
0.10925772041082382,0.10925772041082382,0.10925772041082382
0.03667410463094711,0.03667410463094711,0.03667410463094711
0.14726465940475464,0.14726465940475464,0.14726465940475464
0.0163524579256773,0.0163524579256773,0.0163524579256773
0.19474056363105774,0.19474056363105774,0.19474056363105774
0.29129329323768616,0.29129329323768616,0.29129329323768616
0.16076356172561646,0.16076356172561646,0.16076356172561646
0.14935925602912903,0.14935925602912903,0.14935925602912903
-0.15917328000068665,-0.15917328000068665,-0.15917328000068665
-0.2718058228492737,-0.2718058228492737,-0.2718058228492737
-0.04805934056639671,-0.04805934056639671,-0.04805934056639671
0.3572067320346832,0.3572067320346832,0.3572067320346832
0.1484668105840683,0.1484668105840683,0.1484668105840683
0.37807437777519226,0.37807437777519226,0.37807437777519226
0.41652947664260864,0.41652947664260864,0.41652947664260864
0.2873134911060333,0.2873134911060333,0.2873134911060333
0.4033392071723938,0.4033392071723938,0.4033392071723938
0.016733873635530472,0.016733873635530472,0.016733873635530472
-0.08860233426094055,-0.08860233426094055,-0.08860233426094055
0.27209505438804626,0.27209505438804626,0.27209505438804626
0.33855870366096497,0.33855870366096497,0.33855870366096497
0.10622405260801315,0.10622405260801315,0.10622405260801315
0.10710201412439346,0.10710201412439346,0.10710201412439346
0.12917816638946533,0.12917816638946533,0.12917816638946533
0.08501774072647095,0.08501774072647095,0.08501774072647095
0.19269046187400818,0.19269046187400818,0.19269046187400818
0.14271698892116547,0.14271698892116547,0.14271698892116547
0.9999992847442627,0.9999992847442627,0.9999992847442627
0.09388210624456406,0.09388210624456406,0.09388210624456406
0.11914730817079544,0.11914730817079544,0.11914730817079544
0.13412562012672424,0.13412562012672424,0.13412562012672424
-0.031003382056951523,-0.031003382056951523,-0.031003382056951523
-0.3136307895183563,-0.3136307895183563,-0.3136307895183563
0.04516906291246414,0.04516906291246414,0.04516906291246414
-0.1408127397298813,-0.1408127397298813,-0.1408127397298813
0.21055833995342255,0.21055833995342255,0.21055833995342255
-0.20136412978172302,-0.20136412978172302,-0.20136412978172302
0.16779078543186188,0.16779078543186188,0.16779078543186188
0.18094006180763245,0.18094006180763245,0.18094006180763245
0.27268660068511963,0.27268660068511963,0.27268660068511963
0.27196648716926575,0.27196648716926575,0.27196648716926575
0.06689699739217758,0.06689699739217758,0.06689699739217758
0.5421240925788879,0.5421240925788879,0.5421240925788879
0.22863635420799255,0.22863635420799255,0.22863635420799255
0.21195051074028015,0.21195051074028015,0.21195051074028015
0.1672154814004898,0.1672154814004898,0.1672154814004898
0.08248627185821533,0.08248627185821533,0.08248627185821533
-0.26159802079200745,-0.26159802079200745,-0.26159802079200745
-0.17438289523124695,-0.17438289523124695,-0.17438289523124695
0.39422518014907837,0.39422518014907837,0.39422518014907837
0.1632939726114273,0.1632939726114273,0.1632939726114273
0.5214351415634155,0.5214351415634155,0.5214351415634155
0.2338024079799652,0.2338024079799652,0.2338024079799652
0.24859847128391266,0.24859847128391266,0.24859847128391266
0.06648768484592438,0.06648768484592438,0.06648768484592438
0.10730332136154175,0.10730332136154175,0.10730332136154175
0.08665040880441666,0.08665040880441666,0.08665040880441666
0.2662392556667328,0.2662392556667328,0.2662392556667328
0.24511383473873138,0.24511383473873138,0.24511383473873138
0.5027811527252197,0.5027811527252197,0.5027811527252197
-0.07515251636505127,-0.07515251636505127,-0.07515251636505127
0.08394977450370789,0.08394977450370789,0.08394977450370789
0.02115440182387829,0.02115440182387829,0.02115440182387829
0.27593496441841125,0.27593496441841125,0.27593496441841125
0.3328053653240204,0.3328053653240204,0.3328053653240204
0.23964723944664001,0.23964723944664001,0.23964723944664001
0.09687338769435883,0.09687338769435883,0.09687338769435883
-0.1100858822464943,-0.1100858822464943,-0.1100858822464943
0.12941902875900269,0.12941902875900269,0.12941902875900269
-0.012750559486448765,-0.012750559486448765,-0.012750559486448765
-0.39703068137168884,-0.39703068137168884,-0.39703068137168884
0.07920010387897491,0.07920010387897491,0.07920010387897491
-0.06376339495182037,-0.06376339495182037,-0.06376339495182037
0.10897377133369446,0.10897377133369446,0.10897377133369446
0.190199613571167,0.190199613571167,0.190199613571167
0.16834135353565216,0.16834135353565216,0.16834135353565216
-0.19521592557430267,-0.19521592557430267,-0.19521592557430267
0.17774182558059692,0.17774182558059692,0.17774182558059692
0.17019051313400269,0.17019051313400269,0.17019051313400269
0.16261307895183563,0.16261307895183563,0.16261307895183563
-0.3576623201370239,-0.3576623201370239,-0.3576623201370239
-0.023450661450624466,-0.023450661450624466,-0.023450661450624466
0.30721452832221985,0.30721452832221985,0.30721452832221985
0.20029263198375702,0.20029263198375702,0.20029263198375702
0.12250164151191711,0.12250164151191711,0.12250164151191711
0.06147949397563934,0.06147949397563934,0.06147949397563934
0.08344581723213196,0.08344581723213196,0.08344581723213196
0.23716379702091217,0.23716379702091217,0.23716379702091217
0.11176198720932007,0.11176198720932007,0.11176198720932007
0.4241217374801636,0.4241217374801636,0.4241217374801636
0.009898423217236996,0.009898423217236996,0.009898423217236996
0.08714977651834488,0.08714977651834488,0.08714977651834488
0.3139585256576538,0.3139585256576538,0.3139585256576538
0.1815309077501297,0.1815309077501297,0.1815309077501297
0.23941874504089355,0.23941874504089355,0.23941874504089355
-0.19435280561447144,-0.19435280561447144,-0.19435280561447144
-0.007729656063020229,-0.007729656063020229,-0.007729656063020229
0.14753341674804688,0.14753341674804688,0.14753341674804688
0.16494642198085785,0.16494642198085785,0.16494642198085785
0.9057626128196716,0.9057626128196716,0.9057626128196716
0.05129430443048477,0.05129430443048477,0.05129430443048477
-0.09106846153736115,-0.09106846153736115,-0.09106846153736115
0.10482729971408844,0.10482729971408844,0.10482729971408844
0.13981470465660095,0.13981470465660095,0.13981470465660095
0.3180965185165405,0.3180965185165405,0.3180965185165405
0.19365106523036957,0.19365106523036957,0.19365106523036957
0.09017037600278854,0.09017037600278854,0.09017037600278854
0.2880438566207886,0.2880438566207886,0.2880438566207886
-0.1454278528690338,-0.1454278528690338,-0.1454278528690338
0.24212466180324554,0.24212466180324554,0.24212466180324554
-0.026087721809744835,-0.026087721809744835,-0.026087721809744835
0.15167388319969177,0.15167388319969177,0.15167388319969177
0.1180860623717308,0.1180860623717308,0.1180860623717308
0.012757622636854649,0.012757622636854649,0.012757622636854649
0.11454843729734421,0.11454843729734421,0.11454843729734421
0.2272738516330719,0.2272738516330719,0.2272738516330719
0.10102621465921402,0.10102621465921402,0.10102621465921402
0.032754357904195786,0.032754357904195786,0.032754357904195786
-0.006406005006283522,-0.006406005006283522,-0.006406005006283522
0.15635080635547638,0.15635080635547638,0.15635080635547638
0.15006417036056519,0.15006417036056519,0.15006417036056519
0.2035212367773056,0.2035212367773056,0.2035212367773056
0.13506150245666504,0.13506150245666504,0.13506150245666504
0.021521689370274544,0.021521689370274544,0.021521689370274544
0.2155502885580063,0.2155502885580063,0.2155502885580063
0.2225051075220108,0.2225051075220108,0.2225051075220108
0.01942390762269497,0.01942390762269497,0.01942390762269497
0.11554505676031113,0.11554505676031113,0.11554505676031113
-0.230213925242424,-0.230213925242424,-0.230213925242424
0.3098960816860199,0.3098960816860199,0.3098960816860199
0.165200337767601,0.165200337767601,0.165200337767601
0.23841963708400726,0.23841963708400726,0.23841963708400726
-0.4356355369091034,-0.4356355369091034,-0.4356355369091034
0.026510808616876602,0.026510808616876602,0.026510808616876602
0.36702391505241394,0.36702391505241394,0.36702391505241394
0.14943447709083557,0.14943447709083557,0.14943447709083557
0.07093258202075958,0.07093258202075958,0.07093258202075958
0.05404366925358772,0.05404366925358772,0.05404366925358772
0.11427014321088791,0.11427014321088791,0.11427014321088791
0.10611952096223831,0.10611952096223831,0.10611952096223831
0.406448096036911,0.406448096036911,0.406448096036911
-0.13756364583969116,-0.13756364583969116,-0.13756364583969116
-0.12153185904026031,-0.12153185904026031,-0.12153185904026031
0.14235429465770721,0.14235429465770721,0.14235429465770721
0.17384998500347137,0.17384998500347137,0.17384998500347137
0.10855668783187866,0.10855668783187866,0.10855668783187866
0.3103371858596802,0.3103371858596802,0.3103371858596802
-0.007708113174885511,-0.007708113174885511,-0.007708113174885511
0.24906465411186218,0.24906465411186218,0.24906465411186218
0.11403988301753998,0.11403988301753998,0.11403988301753998
0.2130092829465866,0.2130092829465866,0.2130092829465866
0.024660946801304817,0.024660946801304817,0.024660946801304817
0.3660721480846405,0.3660721480846405,0.3660721480846405
0.12563525140285492,0.12563525140285492,0.12563525140285492
0.13885799050331116,0.13885799050331116,0.13885799050331116
0.18368907272815704,0.18368907272815704,0.18368907272815704
0.12149690091609955,0.12149690091609955,0.12149690091609955
0.3048144578933716,0.3048144578933716,0.3048144578933716
0.305802583694458,0.305802583694458,0.305802583694458
0.35435035824775696,0.35435035824775696,0.35435035824775696
-0.12138494849205017,-0.12138494849205017,-0.12138494849205017
0.09913750737905502,0.09913750737905502,0.09913750737905502
0.02605699561536312,0.02605699561536312,0.02605699561536312
-0.05899146944284439,-0.05899146944284439,-0.05899146944284439
0.09191145747900009,0.09191145747900009,0.09191145747900009
0.1333596110343933,0.1333596110343933,0.1333596110343933
0.19991368055343628,0.19991368055343628,0.19991368055343628
-0.13032099604606628,-0.13032099604606628,-0.13032099604606628
0.0020335065200924873,0.0020335065200924873,0.0020335065200924873
0.15019872784614563,0.15019872784614563,0.15019872784614563
0.2613278329372406,0.2613278329372406,0.2613278329372406
0.24734051525592804,0.24734051525592804,0.24734051525592804
-0.02181657962501049,-0.02181657962501049,-0.02181657962501049
0.3376666307449341,0.3376666307449341,0.3376666307449341
0.0699310153722763,0.0699310153722763,0.0699310153722763
0.3175893723964691,0.3175893723964691,0.3175893723964691
0.09788060188293457,0.09788060188293457,0.09788060188293457
0.0692935585975647,0.0692935585975647,0.0692935585975647
-0.15993823111057281,-0.15993823111057281,-0.15993823111057281
0.08504457771778107,0.08504457771778107,0.08504457771778107
0.13846562802791595,0.13846562802791595,0.13846562802791595
0.014562280848622322,0.014562280848622322,0.014562280848622322
-0.07732057571411133,-0.07732057571411133,-0.07732057571411133
0.19930236041545868,0.19930236041545868,0.19930236041545868
0.463005930185318,0.463005930185318,0.463005930185318
0.01926215924322605,0.01926215924322605,0.01926215924322605
0.3029960095882416,0.3029960095882416,0.3029960095882416
0.22666923701763153,0.22666923701763153,0.22666923701763153
0.10395922511816025,0.10395922511816025,0.10395922511816025
0.039289623498916626,0.039289623498916626,0.039289623498916626
-0.008744290098547935,-0.008744290098547935,-0.008744290098547935
0.08231710642576218,0.08231710642576218,0.08231710642576218
0.2961980104446411,0.2961980104446411,0.2961980104446411
-0.1830272525548935,-0.1830272525548935,-0.1830272525548935
0.20302221179008484,0.20302221179008484,0.20302221179008484
-0.01950160413980484,-0.01950160413980484,-0.01950160413980484
-0.01704995334148407,-0.01704995334148407,-0.01704995334148407
0.12316665053367615,0.12316665053367615,0.12316665053367615
0.42434847354888916,0.42434847354888916,0.42434847354888916
0.15485551953315735,0.15485551953315735,0.15485551953315735
0.11985187232494354,0.11985187232494354,0.11985187232494354
0.4550449550151825,0.4550449550151825,0.4550449550151825
0.10682760924100876,0.10682760924100876,0.10682760924100876
-0.13508161902427673,-0.13508161902427673,-0.13508161902427673
0.08299235254526138,0.08299235254526138,0.08299235254526138
0.15216195583343506,0.15216195583343506,0.15216195583343506
0.11956333369016647,0.11956333369016647,0.11956333369016647
-0.04351061210036278,-0.04351061210036278,-0.04351061210036278
0.0077748605981469154,0.0077748605981469154,0.0077748605981469154
0.2230193018913269,0.2230193018913269,0.2230193018913269
0.18627774715423584,0.18627774715423584,0.18627774715423584
0.2474217414855957,0.2474217414855957,0.2474217414855957
-0.0021260350476950407,-0.0021260350476950407,-0.0021260350476950407
0.16203247010707855,0.16203247010707855,0.16203247010707855
0.2476583570241928,0.2476583570241928,0.2476583570241928
0.27120649814605713,0.27120649814605713,0.27120649814605713
-0.25172290205955505,-0.25172290205955505,-0.25172290205955505
0.37697532773017883,0.37697532773017883,0.37697532773017883
0.10990435630083084,0.10990435630083084,0.10990435630083084
0.22456616163253784,0.22456616163253784,0.22456616163253784
0.4124794006347656,0.4124794006347656,0.4124794006347656
0.3524376153945923,0.3524376153945923,0.3524376153945923
0.4323737323284149,0.4323737323284149,0.4323737323284149
-0.034973982721567154,-0.034973982721567154,-0.034973982721567154
-0.03158397972583771,-0.03158397972583771,-0.03158397972583771
0.08548568189144135,0.08548568189144135,0.08548568189144135
0.1083027645945549,0.1083027645945549,0.1083027645945549
0.11727944016456604,0.11727944016456604,0.11727944016456604
-0.17283569276332855,-0.17283569276332855,-0.17283569276332855
0.23119641840457916,0.23119641840457916,0.23119641840457916
0.2562377154827118,0.2562377154827118,0.2562377154827118
0.22712057828903198,0.22712057828903198,0.22712057828903198
0.0886736735701561,0.0886736735701561,0.0886736735701561
0.3606836199760437,0.3606836199760437,0.3606836199760437
0.11162496358156204,0.11162496358156204,0.11162496358156204
0.14690124988555908,0.14690124988555908,0.14690124988555908
0.08586497604846954,0.08586497604846954,0.08586497604846954
0.2509392201900482,0.2509392201900482,0.2509392201900482
0.2270072102546692,0.2270072102546692,0.2270072102546692
-0.14471375942230225,-0.14471375942230225,-0.14471375942230225
0.12439953535795212,0.12439953535795212,0.12439953535795212
0.2013627141714096,0.2013627141714096,0.2013627141714096
-0.19624574482440948,-0.19624574482440948,-0.19624574482440948
0.0971110612154007,0.0971110612154007,0.0971110612154007
0.012815188616514206,0.012815188616514206,0.012815188616514206
0.030168507248163223,0.030168507248163223,0.030168507248163223
0.18771864473819733,0.18771864473819733,0.18771864473819733
-0.10460445284843445,-0.10460445284843445,-0.10460445284843445
0.11891704797744751,0.11891704797744751,0.11891704797744751
0.10936401784420013,0.10936401784420013,0.10936401784420013
0.3346877098083496,0.3346877098083496,0.3346877098083496
0.08116968721151352,0.08116968721151352,0.08116968721151352
-0.109807588160038,-0.109807588160038,-0.109807588160038
-0.006684649735689163,-0.006684649735689163,-0.006684649735689163
0.08177641779184341,0.08177641779184341,0.08177641779184341
0.13446182012557983,0.13446182012557983,0.13446182012557983
0.07612335681915283,0.07612335681915283,0.07612335681915283
0.07690878957509995,0.07690878957509995,0.07690878957509995
-0.08354046195745468,-0.08354046195745468,-0.08354046195745468
0.44255784153938293,0.44255784153938293,0.44255784153938293
-0.07115224748849869,-0.07115224748849869,-0.07115224748849869
0.12395454943180084,0.12395454943180084,0.12395454943180084
0.036090679466724396,0.036090679466724396,0.036090679466724396
0.40405189990997314,0.40405189990997314,0.40405189990997314
0.06991370767354965,0.06991370767354965,0.06991370767354965
0.13134129345417023,0.13134129345417023,0.13134129345417023
0.25935861468315125,0.25935861468315125,0.25935861468315125
0.447089284658432,0.447089284658432,0.447089284658432
-0.13359446823596954,-0.13359446823596954,-0.13359446823596954
0.23129741847515106,0.23129741847515106,0.23129741847515106
0.07817169278860092,0.07817169278860092,0.07817169278860092
0.1843438297510147,0.1843438297510147,0.1843438297510147
0.060566216707229614,0.060566216707229614,0.060566216707229614
0.30032187700271606,0.30032187700271606,0.30032187700271606
-0.14321671426296234,-0.14321671426296234,-0.14321671426296234
0.22798088192939758,0.22798088192939758,0.22798088192939758
-0.16889794170856476,-0.16889794170856476,-0.16889794170856476
0.1048322468996048,0.1048322468996048,0.1048322468996048
0.06083320826292038,0.06083320826292038,0.06083320826292038
0.04293425381183624,0.04293425381183624,0.04293425381183624
0.23491381108760834,0.23491381108760834,0.23491381108760834
0.10947349667549133,0.10947349667549133,0.10947349667549133
0.0872652605175972,0.0872652605175972,0.0872652605175972
0.3262040615081787,0.3262040615081787,0.3262040615081787
0.14296631515026093,0.14296631515026093,0.14296631515026093
0.2490667700767517,0.2490667700767517,0.2490667700767517
0.3177338242530823,0.3177338242530823,0.3177338242530823
0.17052355408668518,0.17052355408668518,0.17052355408668518
0.07163502275943756,0.07163502275943756,0.07163502275943756
0.19644103944301605,0.19644103944301605,0.19644103944301605
0.1746940314769745,0.1746940314769745,0.1746940314769745
0.2661481499671936,0.2661481499671936,0.2661481499671936
0.0667974054813385,0.0667974054813385,0.0667974054813385
0.0038579413667321205,0.0038579413667321205,0.0038579413667321205
0.14879773557186127,0.14879773557186127,0.14879773557186127
-0.13094504177570343,-0.13094504177570343,-0.13094504177570343
0.06650110334157944,0.06650110334157944,0.06650110334157944
0.2839641273021698,0.2839641273021698,0.2839641273021698
0.09642275422811508,0.09642275422811508,0.09642275422811508
0.11535576730966568,0.11535576730966568,0.11535576730966568
0.1621214747428894,0.1621214747428894,0.1621214747428894
-0.09700264036655426,-0.09700264036655426,-0.09700264036655426
0.20480886101722717,0.20480886101722717,0.20480886101722717
0.0025847924407571554,0.0025847924407571554,0.0025847924407571554
-0.328210711479187,-0.328210711479187,-0.328210711479187
0.0940675139427185,0.0940675139427185,0.0940675139427185
0.028509000316262245,0.028509000316262245,0.028509000316262245
0.10999900102615356,0.10999900102615356,0.10999900102615356
0.15702888369560242,0.15702888369560242,0.15702888369560242
0.06420554965734482,0.06420554965734482,0.06420554965734482
0.2151978313922882,0.2151978313922882,0.2151978313922882
0.041848279535770416,0.041848279535770416,0.041848279535770416
-0.058263249695301056,-0.058263249695301056,-0.058263249695301056
-0.02131897583603859,-0.02131897583603859,-0.02131897583603859
0.07552545517683029,0.07552545517683029,0.07552545517683029
0.26565513014793396,0.26565513014793396,0.26565513014793396
0.1154758408665657,0.1154758408665657,0.1154758408665657
0.08178207278251648,0.08178207278251648,0.08178207278251648
-0.20879393815994263,-0.20879393815994263,-0.20879393815994263
0.21974550187587738,0.21974550187587738,0.21974550187587738
-0.08586709201335907,-0.08586709201335907,-0.08586709201335907
0.11834492534399033,0.11834492534399033,0.11834492534399033
0.11153455078601837,0.11153455078601837,0.11153455078601837
0.10551455616950989,0.10551455616950989,0.10551455616950989
0.18386317789554596,0.18386317789554596,0.18386317789554596
-0.2549402117729187,-0.2549402117729187,-0.2549402117729187
0.32213351130485535,0.32213351130485535,0.32213351130485535
0.05897098407149315,0.05897098407149315,0.05897098407149315
0.3450809121131897,0.3450809121131897,0.3450809121131897
-0.1001775711774826,-0.1001775711774826,-0.1001775711774826
0.08411470055580139,0.08411470055580139,0.08411470055580139
-0.03127531707286835,-0.03127531707286835,-0.03127531707286835
0.14900432527065277,0.14900432527065277,0.14900432527065277
0.035025544464588165,0.035025544464588165,0.035025544464588165
0.3511934280395508,0.3511934280395508,0.3511934280395508
0.0028447196818888187,0.0028447196818888187,0.0028447196818888187
0.18103258311748505,0.18103258311748505,0.18103258311748505
0.046580296009778976,0.046580296009778976,0.046580296009778976
0.13130491971969604,0.13130491971969604,0.13130491971969604
0.0547206811606884,0.0547206811606884,0.0547206811606884
0.40427863597869873,0.40427863597869873,0.40427863597869873
-0.2534586787223816,-0.2534586787223816,-0.2534586787223816
0.17025232315063477,0.17025232315063477,0.17025232315063477
0.061415571719408035,0.061415571719408035,0.061415571719408035
-0.25891220569610596,-0.25891220569610596,-0.25891220569610596
0.08438028395175934,0.08438028395175934,0.08438028395175934
0.2583789527416229,0.2583789527416229,0.2583789527416229
0.3129099905490875,0.3129099905490875,0.3129099905490875
-0.1131308451294899,-0.1131308451294899,-0.1131308451294899
0.05756186693906784,0.05756186693906784,0.05756186693906784
0.20361270010471344,0.20361270010471344,0.20361270010471344
0.14827540516853333,0.14827540516853333,0.14827540516853333
0.1066799908876419,0.1066799908876419,0.1066799908876419
0.08489625155925751,0.08489625155925751,0.08489625155925751
0.08393564820289612,0.08393564820289612,0.08393564820289612
0.13091960549354553,0.13091960549354553,0.13091960549354553
0.17844249308109283,0.17844249308109283,0.17844249308109283
0.07333867251873016,0.07333867251873016,0.07333867251873016
0.06404062360525131,0.06404062360525131,0.06404062360525131
-0.05612626671791077,-0.05612626671791077,-0.05612626671791077
0.31420785188674927,0.31420785188674927,0.31420785188674927
0.18607255816459656,0.18607255816459656,0.18607255816459656
0.09782515466213226,0.09782515466213226,0.09782515466213226
0.1710992008447647,0.1710992008447647,0.1710992008447647
0.09103173762559891,0.09103173762559891,0.09103173762559891
0.004042292013764381,0.004042292013764381,0.004042292013764381
0.04277285933494568,0.04277285933494568,0.04277285933494568
0.05084296315908432,0.05084296315908432,0.05084296315908432
0.11254353821277618,0.11254353821277618,0.11254353821277618
-0.06554262340068817,-0.06554262340068817,-0.06554262340068817
0.23587405681610107,0.23587405681610107,0.23587405681610107
0.19807124137878418,0.19807124137878418,0.19807124137878418
0.10420679301023483,0.10420679301023483,0.10420679301023483
0.2729797065258026,0.2729797065258026,0.2729797065258026
0.06855297833681107,0.06855297833681107,0.06855297833681107
0.16011939942836761,0.16011939942836761,0.16011939942836761
-0.02513171173632145,-0.02513171173632145,-0.02513171173632145
0.5122261047363281,0.5122261047363281,0.5122261047363281
0.2452469766139984,0.2452469766139984,0.2452469766139984
-0.13330981135368347,-0.13330981135368347,-0.13330981135368347
0.259776771068573,0.259776771068573,0.259776771068573
0.24009327590465546,0.24009327590465546,0.24009327590465546
0.005406556650996208,0.005406556650996208,0.005406556650996208
0.13426263630390167,0.13426263630390167,0.13426263630390167
0.1297026127576828,0.1297026127576828,0.1297026127576828
0.1529085338115692,0.1529085338115692,0.1529085338115692
0.16918259859085083,0.16918259859085083,0.16918259859085083
0.09847956895828247,0.09847956895828247,0.09847956895828247
0.14106278121471405,0.14106278121471405,0.14106278121471405
0.1372503936290741,0.1372503936290741,0.1372503936290741
-0.006341022904962301,-0.006341022904962301,-0.006341022904962301
0.3247779905796051,0.3247779905796051,0.3247779905796051
0.31041136384010315,0.31041136384010315,0.31041136384010315
0.08060568571090698,0.08060568571090698,0.08060568571090698
-0.04351873695850372,-0.04351873695850372,-0.04351873695850372
0.22954821586608887,0.22954821586608887,0.22954821586608887
0.31660300493240356,0.31660300493240356,0.31660300493240356
0.17282970249652863,0.17282970249652863,0.17282970249652863
0.17486709356307983,0.17486709356307983,0.17486709356307983
0.21183113753795624,0.21183113753795624,0.21183113753795624
0.14019858837127686,0.14019858837127686,0.14019858837127686
0.20568965375423431,0.20568965375423431,0.20568965375423431
0.16270524263381958,0.16270524263381958,0.16270524263381958
0.11164297163486481,0.11164297163486481,0.11164297163486481
0.163568377494812,0.163568377494812,0.163568377494812
0.1957799196243286,0.1957799196243286,0.1957799196243286
0.1834821254014969,0.1834821254014969,0.1834821254014969
0.20879924297332764,0.20879924297332764,0.20879924297332764
0.21752163767814636,0.21752163767814636,0.21752163767814636
0.07197405397891998,0.07197405397891998,0.07197405397891998
0.23089906573295593,0.23089906573295593,0.23089906573295593
0.27614936232566833,0.27614936232566833,0.27614936232566833
-0.022554688155651093,-0.022554688155651093,-0.022554688155651093
-0.01728198118507862,-0.01728198118507862,-0.01728198118507862
0.16335083544254303,0.16335083544254303,0.16335083544254303
0.2432003915309906,0.2432003915309906,0.2432003915309906
-0.014952171593904495,-0.014952171593904495,-0.014952171593904495
0.2734176516532898,0.2734176516532898,0.2734176516532898
-0.013394373469054699,-0.013394373469054699,-0.013394373469054699
0.11189159750938416,0.11189159750938416,0.11189159750938416
-0.031491804867982864,-0.031491804867982864,-0.031491804867982864
0.11559556424617767,0.11559556424617767,0.11559556424617767
0.1614592969417572,0.1614592969417572,0.1614592969417572
0.4028765857219696,0.4028765857219696,0.4028765857219696
0.12981915473937988,0.12981915473937988,0.12981915473937988
0.16222035884857178,0.16222035884857178,0.16222035884857178
0.21460063755512238,0.21460063755512238,0.21460063755512238
0.10713344812393188,0.10713344812393188,0.10713344812393188
0.2172331064939499,0.2172331064939499,0.2172331064939499
0.11443648487329483,0.11443648487329483,0.11443648487329483
0.24903781712055206,0.24903781712055206,0.24903781712055206
0.06131209433078766,0.06131209433078766,0.06131209433078766
0.11388660967350006,0.11388660967350006,0.11388660967350006
0.031118514016270638,0.031118514016270638,0.031118514016270638
0.2552315592765808,0.2552315592765808,0.2552315592765808
0.2157575935125351,0.2157575935125351,0.2157575935125351
0.24697110056877136,0.24697110056877136,0.24697110056877136
0.11796633899211884,0.11796633899211884,0.11796633899211884
0.046683069318532944,0.046683069318532944,0.046683069318532944
0.08311384171247482,0.08311384171247482,0.08311384171247482
0.1314401775598526,0.1314401775598526,0.1314401775598526
0.09234020113945007,0.09234020113945007,0.09234020113945007
-0.01315669622272253,-0.01315669622272253,-0.01315669622272253
0.19941113889217377,0.19941113889217377,0.19941113889217377
0.10810252279043198,0.10810252279043198,0.10810252279043198
0.29516077041625977,0.29516077041625977,0.29516077041625977
0.3404325842857361,0.3404325842857361,0.3404325842857361
0.3000439405441284,0.3000439405441284,0.3000439405441284
0.15844859182834625,0.15844859182834625,0.15844859182834625
0.19817718863487244,0.19817718863487244,0.19817718863487244
-0.00784655287861824,-0.00784655287861824,-0.00784655287861824
0.3807389736175537,0.3807389736175537,0.3807389736175537
0.40910741686820984,0.40910741686820984,0.40910741686820984
0.20102296769618988,0.20102296769618988,0.20102296769618988
0.0873291864991188,0.0873291864991188,0.0873291864991188
0.01806458830833435,0.01806458830833435,0.01806458830833435
0.13385722041130066,0.13385722041130066,0.13385722041130066
0.10971894860267639,0.10971894860267639,0.10971894860267639
0.05083201453089714,0.05083201453089714,0.05083201453089714
-0.10704303532838821,-0.10704303532838821,-0.10704303532838821
0.2006249576807022,0.2006249576807022,0.2006249576807022
0.11561286449432373,0.11561286449432373,0.11561286449432373
-0.019699374213814735,-0.019699374213814735,-0.019699374213814735
-0.00809906329959631,-0.00809906329959631,-0.00809906329959631
0.23108410835266113,0.23108410835266113,0.23108410835266113
0.09585804492235184,0.09585804492235184,0.09585804492235184
0.29684287309646606,0.29684287309646606,0.29684287309646606
-0.017227593809366226,-0.017227593809366226,-0.017227593809366226
0.3732113242149353,0.3732113242149353,0.3732113242149353
0.30495429039001465,0.30495429039001465,0.30495429039001465
0.14297090470790863,0.14297090470790863,0.14297090470790863
0.16510462760925293,0.16510462760925293,0.16510462760925293
0.07990183681249619,0.07990183681249619,0.07990183681249619
0.09695249795913696,0.09695249795913696,0.09695249795913696
0.4180286228656769,0.4180286228656769,0.4180286228656769
0.11362703889608383,0.11362703889608383,0.11362703889608383
0.0077243587002158165,0.0077243587002158165,0.0077243587002158165
0.1572888046503067,0.1572888046503067,0.1572888046503067
0.15594926476478577,0.15594926476478577,0.15594926476478577
0.22514358162879944,0.22514358162879944,0.22514358162879944
0.20429041981697083,0.20429041981697083,0.20429041981697083
0.00958340335637331,0.00958340335637331,0.00958340335637331
0.3228521943092346,0.3228521943092346,0.3228521943092346
0.085797518491745,0.085797518491745,0.085797518491745
0.13350935280323029,0.13350935280323029,0.13350935280323029
0.1972971111536026,0.1972971111536026,0.1972971111536026
0.11741787940263748,0.11741787940263748,0.11741787940263748
